{
    "family": "billing_prod_revenue_checkpdf_td",
    "containerDefinitions": [
        {
            "name": "billing_revenue_checkpdf",
            "image": "960216436767.dkr.ecr.us-west-2.amazonaws.com/billing-revenue-checkpdf:v1.0.9.1",
            "cpu": 0,
            "portMappings": [],
            "essential": true,
            "environment": [
                {
                    "name": "ENV",
                    "value": "Prod"
                },
                {
                    "name": "CNO",
                    "value": ""
                },
                {
                    "name": "BILLING_YYYY_MM",
                    "value": ""
                }
            ],
            "environmentFiles": [],
            "mountPoints": [],
            "volumesFrom": [],
            "ulimits": [],
            "logConfiguration": {
                "logDriver": "awslogs",
                "options": {
                    "awslogs-create-group": "true",
                    "awslogs-group": "/ecs/billing_prod_revenue_checkpdf_td",
                    "awslogs-region": "us-west-2",
                    "awslogs-stream-prefix": "ecs"
                },
                "secretOptions": []
            }
        }
    ],
    "taskRoleArn": "arn:aws:iam::806235885150:role/billing-ecs-task-role",
    "executionRoleArn": "arn:aws:iam::806235885150:role/ecsTaskExecutionRole",
    "networkMode": "awsvpc",
    "requiresCompatibilities": [
        "FARGATE"
    ],
    "cpu": "4096",
    "memory": "8192",
    "runtimePlatform": {
        "cpuArchitecture": "X86_64",
        "operatingSystemFamily": "LINUX"
    }
}