{
    "family": "billing_stage_cost_explorer_td",
    "containerDefinitions": [
        {
            "name": "billing_cost_explorer",
            "image": "960216436767.dkr.ecr.us-west-2.amazonaws.com/billing-cost-explorer:v1.1.0.0",
            "cpu": 0,
            "portMappings": [],
            "essential": true,
            "environment": [
                {
                    "name": "AWS_DEFAULT_REGION",
                    "value": "us-west-2"
                },
                {
                    "name": "PAYERACCOUNT_ID",
                    "value": ""
                },
                {
                    "name": "ENV",
                    "value": "Stage"
                },
                {
                    "name": "BILLING_YYYY_MM",
                    "value": ""
                }
            ],
            "environmentFiles": [],
            "mountPoints": [],
            "volumesFrom": [],
            "ulimits": [],
            "logConfiguration": {
                "logDriver": "awslogs",
                "options": {
                    "awslogs-create-group": "true",
                    "awslogs-group": "/ecs/billing_stage_cost_explorer_td",
                    "awslogs-region": "us-west-2",
                    "awslogs-stream-prefix": "ecs"
                },
                "secretOptions": []
            }
        }
    ],
    "taskRoleArn": "arn:aws:iam::863203846708:role/billing-ecs-task-role",
    "executionRoleArn": "arn:aws:iam::863203846708:role/ecsTaskExecutionRole",
    "networkMode": "awsvpc",
    "requiresCompatibilities": [
        "FARGATE"
    ],
    "cpu": "1024",
    "memory": "4096",
    "runtimePlatform": {
        "cpuArchitecture": "X86_64",
        "operatingSystemFamily": "LINUX"
    }
}