{
    "family": "billing_stage_gen_M0100_pdf_td",
    "containerDefinitions": [
        {
            "name": "billing_gen_M0100_pdf",
            "image": "960216436767.dkr.ecr.us-west-2.amazonaws.com/billing-cur-pdf-job:v3.0.1.0-M0100",
            "cpu": 0,
            "portMappings": [],
            "essential": true,
            "environment": [
                {
                    "name": "ENV",
                    "value": "stage"
                },
                {
                    "name": "REGION",
                    "value": "us-west-2"
                }
            ],
            "environmentFiles": [],
            "mountPoints": [],
            "volumesFrom": [],
            "ulimits": [],
            "logConfiguration": {
                "logDriver": "awslogs",
                "options": {
                    "awslogs-create-group": "true",
                    "awslogs-group": "/ecs/billing_stage_gen_M0100_pdf_td",
                    "awslogs-region": "us-west-2",
                    "awslogs-stream-prefix": "ecs"
                },
                "secretOptions": []
            }
        }
    ],
    "taskRoleArn": "arn:aws:iam::168051394147:role/billing-ecs-task-role",
    "executionRoleArn": "arn:aws:iam::168051394147:role/ecsTaskExecutionRole",
    "networkMode": "awsvpc",
    "requiresCompatibilities": [
        "FARGATE"
    ],
    "cpu": "1024",
    "memory": "4096",
    "runtimePlatform": {
        "cpuArchitecture": "X86_64",
        "operatingSystemFamily": "LINUX"
    }
}