{
    "family": "billing_prod_revenue_computation_main_td",
    "containerDefinitions": [
        {
            "name": "billing_revenue_computation_main",
            "image": "960216436767.dkr.ecr.us-west-2.amazonaws.com/billing-revenue-computation-main:v3.0.0.1",
            "cpu": 0,
            "portMappings": [],
            "essential": true,
            "environment": [
                {
                    "name": "ENV",
                    "value": "Prod"
                }
            ],
            "environmentFiles": [],
            "mountPoints": [],
            "volumesFrom": [],
            "ulimits": [],
            "logConfiguration": {
                "logDriver": "awslogs",
                "options": {
                    "awslogs-create-group": "true",
                    "awslogs-group": "/ecs/billing_prod_revenue_computation_main_td",
                    "awslogs-region": "us-west-2",
                    "awslogs-stream-prefix": "ecs"
                },
                "secretOptions": []
            }
        }
    ],
    "taskRoleArn": "arn:aws:iam::960216436767:role/billing-ecs-task-role",
    "executionRoleArn": "arn:aws:iam::960216436767:role/ecsTaskExecutionRole",
    "networkMode": "awsvpc",
    "requiresCompatibilities": [
        "FARGATE"
    ],
    "cpu": "1024",
    "memory": "4096",
    "runtimePlatform": {
        "cpuArchitecture": "X86_64",
        "operatingSystemFamily": "LINUX"
    }
}